model,rmse
XGBoost,259.366517243178
Random Forest,282.13126032430375
Linear Regression,457.7365654423284
